ID,Target Pressure (bar)
0,0.26803466971256296
1,0.27721271315172735
2,0.30567869385025853
3,0.3521330843578259
4,0.32607166030666224
5,0.32163485743748094
6,0.197575457758647
7,0.20878063177563652
8,0.25212559312231725
9,2.409333383521638
10,2.1114095067576573
11,1.8975767837347735
12,2.784349552462682
13,2.5064818686732253
14,2.130775549257193
15,1.5975806051635268
16,1.459317782083234
17,1.2723217927962893
18,0.84439678382939
19,0.8664873859581967
20,0.8054139639184567
21,0.546885053290657
22,0.6382973870156421
23,0.43334494660141565
24,0.4529630352973899
25,0.47438367696177014
26,0.4378841431425782
27,0.0679327129014233
28,0.054461930810444474
29,0.0664884006824308
30,0.047546219541574
31,0.020266616675593565
32,0.015060686011746614
33,0.034903627330783074
34,0.014053294168335416
35,0.01488537635815824
36,0.3613025405423858
37,0.19011357373816304
38,0.11802099226555167
39,0.46191208207049816
40,0.2919816807331957
41,0.16947364543989887
42,0.3174390454529095
43,0.19225385432409384
44,0.13194534871730035
45,0.21255215365906946
46,0.14418870654867638
47,0.092419468536348
48,0.04135849509324132
49,0.03857632576583829
50,0.046758324446576016
51,0.09347068262611911
52,0.05877770224132515
53,0.048612938416352836
54,0.14642531098277772
55,0.1663498691350629
56,0.15187646896318413
57,0.1273696659005951
58,0.1472475214290983
59,0.1157203895299798
60,0.10302256518554247
61,0.12333668144221759
62,0.11722875503018498
63,1.1652294197664177
64,0.9914767578443056
65,0.6622108858387938
66,1.1220547893563408
67,0.9771517341130828
68,0.6367233785177397
69,0.9267577074070893
70,0.6627109812931677
71,0.4438214820209792
72,0.5212164930546122
73,0.49670078192606426
74,0.34457841559269825
75,0.25068490273675453
76,0.20689391118317024
77,0.20241236618357067
78,0.2795346952601421
79,0.29930094770871857
80,0.20712769564223765
81,0.09372264799311236
82,0.10470433530249756
83,0.11258868054450322
84,0.05759613297723072
85,0.0567593241359109
86,0.04879397156005846
87,0.03390869013807079
88,0.033592667490862975
89,0.04912737376402044
90,0.4441231807257097
91,0.392285054338997
92,0.35353045757828966
93,0.37147346738748194
94,0.3259751380468501
95,0.2770989950185135
96,0.23354180406187994
97,0.2056146432480307
98,0.1773831778970462
99,0.286463913794695
100,0.2695162553443535
101,0.22284129672509556
102,0.17511252560239982
103,0.11563903263139123
104,0.07609891902596572
105,0.0837725837185097
106,0.07894092255619009
107,0.07635458486849907
108,0.16195848829722115
109,0.17495261061336606
110,0.1751925576342741
111,0.11391104031918986
112,0.10498438706185291
113,0.10091523350861549
114,0.05922527943511965
115,0.06883001969754576
116,0.10543564161552096
117,1.3203836868910452
118,0.9791965717060692
119,0.7942909765742642
120,1.1559324516505602
121,0.8946590566720288
122,0.7416160793198917
123,0.7173445036462907
124,0.5859618782579453
125,0.479047843768181
126,0.5561018521862502
127,0.49396958767977506
128,0.4072211313314481
129,0.30072251403411715
130,0.2292943260513389
131,0.18586809168782556
132,0.17297352084855402
133,0.17973911033805354
134,0.18696552919729595
135,0.11293655415353399
136,0.134310033029143
137,0.13854114479807714
138,0.07833065478781465
139,0.09217351439986694
140,0.08031617708485621
141,0.057387228807255435
142,0.07084355193264438
143,0.07739374142542321
144,0.6942826661661309
145,0.5905408001510092
146,0.4672928871803634
147,0.6842630767814046
148,0.5799388044755983
149,0.43166633191446446
150,0.41931575347913397
151,0.42612464682822204
152,0.3047048389715929
153,0.362841721419459
154,0.3796147844754616
155,0.29772945770683024
156,0.20264541202791217
157,0.15473570234281306
158,0.13902247334084533
159,0.14064605649067438
160,0.16398555440200802
161,0.14118046202985188
162,0.1456108973277059
163,0.14779883752482278
164,0.1423178514922784
165,0.11311193271153455
166,0.10409871607399915
167,0.0820747452183428
168,0.08677346173632888
169,0.07761052801217777
170,0.0777147654151317
171,0.9655432548790104
172,0.5297381542288432
173,0.4353385955800608
174,1.690044616559787
175,0.8811356606986845
176,0.4853403216576611
177,0.8568967180952987
178,0.5233319513165368
179,0.39357742056627404
180,0.48988081841725767
181,0.3905994800142888
182,0.28145987462374444
183,0.19900023448786705
184,0.1485371575814848
185,0.14200621001867642
186,0.25842150961482463
187,0.18708300365459207
188,0.15753595954520805
189,0.08144331507598158
190,0.0834682084356315
191,0.08176907817995406
192,0.06123270130729719
193,0.06449374230349887
194,0.05701946876701407
195,0.045356904541869955
196,0.050274257416893335
197,0.06033967902382318
198,0.3935429029362261
199,0.3033405385632488
200,0.22245783238748032
201,0.37636526936435594
202,0.3283695184196176
203,0.24512628975177492
204,0.3132285150628139
205,0.2994215698004168
206,0.21409726547930472
207,0.25755361667152266
208,0.24375040640668347
209,0.17074576456076523
210,0.10913302200283279
211,0.09754126293066637
212,0.09519668090540712
213,0.13141206251398088
214,0.12247702823983445
215,0.09725561643955809
216,0.08908605179894648
217,0.09352214173807981
218,0.11502377530992394
219,0.05421564294612452
220,0.05301813136257935
221,0.04958993694281013
222,0.04009978751789161
223,0.04463089103427883
224,0.05821544472972138
225,0.5072381712047952
226,0.5146616575919646
227,0.4921271620333829
228,0.4182380895633196
229,0.42247350271104117
230,0.35582471931561743
231,0.3288436592264043
232,0.32390222526248497
233,0.28978379289497597
234,0.303757576984868
235,0.3101252029178614
236,0.2825118443541897
237,0.20895786086970553
238,0.12237411896767843
239,0.11832108719643042
240,0.10898755173000507
241,0.11494319500567438
242,0.11880465581939212
243,0.4033671602022886
244,0.28048274192323325
245,0.22739389517392622
246,0.409426876947809
247,0.2768822138648974
248,0.18868636589008167
249,0.35718187792458395
250,0.23403310901004015
251,0.16916588344670191
252,3.5774921956597048
253,1.6067049457451408
254,1.0917879648824924
255,3.61823264953024
256,1.5908050738005461
257,1.077139580917634
258,2.9735597897203507
259,1.3353249242928174
260,0.880665509532684
261,1.6696466403891919
262,0.9407573860313123
263,0.5629546642583357
264,0.371271188599607
265,0.31221811070883887
266,0.28034572962084736
267,1.2225155445365459
268,0.5058561139926624
269,0.282329828574979
270,0.08803756017173425
271,0.10296423397799898
272,0.11223029685136961
273,0.04714595993388717
274,0.06234607990049997
275,0.0565073423445115
276,0.038712109140205606
277,0.051696079528689924
278,0.07084008518261495
279,0.5313679929391852
280,0.4701731401922097
281,0.3562469541650217
282,0.35140104550554646
283,0.35927635128446656
284,0.304191320021207
285,0.2541767864746248
286,0.26579915255660386
287,0.2285979194841008
288,0.2628625738496709
289,0.27934401859580965
290,0.22094979336134069
291,0.16432377742013157
292,0.11269423946531332
293,0.10150095915355158
294,0.08676500607202682
295,0.10243960457146067
296,0.09990529006822818
297,0.13767001542315216
298,0.11433182142938648
299,0.12992652142822467
300,0.12252649232409984
301,0.09380740276054249
302,0.08883683460823562
303,0.08951576751689508
304,0.07058710433978316
305,0.08067287974448369
306,0.6269775837016397
307,0.5353002416405165
308,0.45282323569976085
309,0.6651779661458784
310,0.5202734664420967
311,0.4640805132835424
312,0.5334713064078702
313,0.4937771796133075
314,0.4654527046881779
315,0.42635040948782005
316,0.38558812326396036
317,0.35288933532822847
318,0.21837094266217275
319,0.1806536306114114
320,0.1843062151157023
321,0.2273683767970301
322,0.1882293039364603
323,0.19201013248836693
324,0.1358190239975794
325,0.12780915584069188
326,0.13299675625932908
327,0.11506509766975294
328,0.10622895115427887
329,0.09749964386918572
330,0.10246905616847181
331,0.0954830316093733
332,0.11784823540058868
333,0.6629286219191614
334,0.5316384074884358
335,0.4262102983365963
336,0.6865938825978047
337,0.5766966754507222
338,0.4505688752180609
339,0.5872543039539118
340,0.5064872227710311
341,0.39604233589477783
342,0.4040534072026478
343,0.37643896485239897
344,0.2943957161693404
345,0.2195168417124593
346,0.18800334170359193
347,0.19016651832182144
348,0.24093888867965657
349,0.23496476037839795
350,0.1960962354467795
351,0.18928130396020695
352,0.18845330210323455
353,0.18795476069531541
354,0.1563768322418351
355,0.17795870634638417
356,0.13336582865461893
357,0.1074417338871369
358,0.11756432361579867
359,0.12991872197947443
360,1.1220314317687008
361,0.8998915404378146
362,0.6330762803611956
363,1.8531809150074847
364,1.1178372876278497
365,0.8248697450940279
366,1.0518333218434464
367,0.7362276078111407
368,0.5909904112859984
369,0.7254201502920773
370,0.6254805000417726
371,0.40200707656376844
372,0.2673839195375303
373,0.28603811296617077
374,0.2119690929673051
375,0.254370870604523
376,0.2505362350748515
377,0.21513229353860328
378,0.1517161465994207
379,0.13810756810310135
380,0.11926729314364538
381,0.12700456091313014
382,0.11233667941023028
383,0.08629532295358301
384,0.11270969408469714
385,0.08917950116799235
386,0.07210789111443122
387,1.5924426740051691
388,0.5980094292723573
389,0.371903362148463
390,1.391966945056152
391,0.5966339234608652
392,0.3761403163023123
393,1.0010863756810637
394,0.44758750881798476
395,0.2644889918650004
396,0.6555920143365488
397,0.351551193385572
398,0.20561954150065204
399,0.13988109725571676
400,0.10834053055940651
401,0.09715097416386911
402,0.2747506000299932
403,0.1461316597105647
404,0.09925670353317477
405,0.11398473196594348
406,0.12459287366945089
407,0.13395041327562776
408,0.06810847047217052
409,0.07894029329179526
410,0.07153074621789342
411,0.049878938134710595
412,0.06579441248791691
413,0.09714065169752555
414,0.5587481010732692
415,0.46671971110978455
416,0.3655650238964672
417,0.5106754165585077
418,0.44423684475844916
419,0.36901500681379734
420,0.37446575732401116
421,0.3666498934121206
422,0.2906399148823688
423,0.32472797678679155
424,0.32924416216959557
425,0.24600158829237317
426,0.1759892946410803
427,0.13419080752605042
428,0.1253361393694819
429,0.14552986717646368
430,0.14766252179880765
431,0.14093067390301608
432,0.10581104609632844
433,0.11213670289533237
434,0.14552509600339184
435,0.08078369690046457
436,0.07778984133295372
437,0.07459186285904716
438,0.0549833795017432
439,0.05742414974733823
440,0.07971701503359985
441,0.5284021146294918
442,0.5043504312597458
443,0.46319234264202946
444,0.46849981763405085
445,0.4491249811080921
446,0.36875014527138233
447,0.32375290885258556
448,0.315616991780137
449,0.2796197633583918
450,0.29213463641146437
451,0.293559709882949
452,0.27166200022274145
453,0.23159879598983382
454,0.16141117837769633
455,0.137235648936927
456,0.1339905039216673
457,0.13735861084785328
458,0.1405341895329011
459,0.04301716688952006
460,0.045880964786475444
461,0.06202576956721795
462,0.02977897315873986
463,0.029221766763411663
464,0.02650543134641981
465,0.018723395029042043
466,0.021017036101400384
467,0.0381360001685984
468,0.22743121175975747
469,0.2203576102521122
470,0.18763645169798215
471,0.216449644723149
472,0.21468412184067198
473,0.19446020624707722
474,0.18564130256587288
475,0.18673918405609588
476,0.1611761852528563
477,0.17157398284630015
478,0.17272779792132176
479,0.14822393003327916
480,0.09098717402482583
481,0.07397161576821647
482,0.06506303473367923
483,0.06107971335738018
484,0.06473857281467936
485,0.06441916430572205
486,0.1178692062135416
487,0.10738347579152038
488,0.12791169754008389
489,0.08222493217223843
490,0.0674150962586194
491,0.057223144498906
492,0.061696199732628805
493,0.05023356728861107
494,0.06861926387179336
495,0.6363354049963348
496,0.46237572414356864
497,0.4097935097580056
498,0.6253424768765593
499,0.44571394538755577
500,0.39708982107578294
501,0.4722065318943436
502,0.38640493103396095
503,0.3113160225224089
504,0.3719032693732331
505,0.339054395969052
506,0.265144562008281
507,0.19141535244814323
508,0.15394463279250217
509,0.12467894170612749
510,0.16048619017166155
511,0.13210388547446017
512,0.12110065461427073
513,0.11502040210710891
514,0.11570277978768262
515,0.1368058325223039
516,0.07783972503704899
517,0.06787668184074531
518,0.05657494008613853
519,0.04816179004569348
520,0.04617703504028128
521,0.05991861176819861
522,0.5209643376685305
523,0.40250517998488744
524,0.356964315630756
525,0.4938746259989798
526,0.3681638231854709
527,0.3395733875097823
528,0.3997369659579572
529,0.3273364604764038
530,0.2370243529212316
531,0.3211740143578866
532,0.2850927608308061
533,0.23422471404241613
534,0.1792845078895304
535,0.1275905010269831
536,0.10387376634181843
537,0.1348284432748838
538,0.12005581006543987
539,0.10759134569476353
540,0.053560056937252444
541,0.05644996822927394
542,0.07436365457133419
543,0.04142905733949403
544,0.0447398520550489
545,0.045783067134705965
546,0.03487000402268257
547,0.03793911012772818
548,0.05004986416101925
549,0.22234343644314622
550,0.2241021804749052
551,0.21289660162269491
552,0.25163341244733123
553,0.2561473090082709
554,0.24576512596455222
555,0.23602834308479897
556,0.2280182041585654
557,0.2030803637030088
558,0.16726254938376103
559,0.17057174358350813
560,0.15765080877620644
561,0.10930195881533461
562,0.09817278957261755
563,0.0934508321857028
564,0.083844020446592
565,0.08895414108681197
566,0.0950522332413661
567,0.05841143047373586
568,0.05454023584776979
569,0.060259577467720156
570,0.04436838273446769
571,0.03597622871015953
572,0.03662812300025199
573,0.03477717086210324
574,0.025124812007819346
575,0.027524103765166705
576,0.3351294976163759
577,0.24781595428268224
578,0.21252043346197205
579,0.3284205444269819
580,0.23089782867488623
581,0.20102365310579984
582,0.24693314484120915
583,0.16385824666157048
584,0.14326190296880134
585,0.2211363611595109
586,0.1698681794714815
587,0.13739568877933095
588,0.0877220885961386
589,0.06858784033036008
590,0.06065932587650738
591,0.09793758457407924
592,0.06527001984341015
593,0.06520222255192683
594,0.12117479638878412
595,0.1283632382995195
596,0.16622033806534373
597,0.08870919450993121
598,0.08516011649788342
599,0.08289772072159084
600,0.04910322105609401
601,0.05592302261123647
602,0.10195113264062057
603,0.9636460422307477
604,0.8242302571157993
605,0.6626363482555419
606,0.8804644574653696
607,0.6919844681830514
608,0.5982028123840983
609,0.45630070950903157
610,0.4031713574228861
611,0.3249077788460695
612,0.46526218900296923
613,0.4206482236286354
614,0.35346334682909153
615,0.2790861114747053
616,0.1867262517586056
617,0.14348185604682645
618,0.12873436368511118
619,0.13749646263625942
620,0.1429763887400781
621,0.19969898364101207
622,0.20855222649029148
623,0.2121711271030939
624,0.1711626014266703
625,0.18645336989377523
626,0.14056352783093634
627,0.10475292490436147
628,0.10820942912276799
629,0.10948901703528822
630,2.4186632219071376
631,1.5762388974783936
632,1.1063179220006443
633,3.006488667090796
634,1.8293055746199922
635,1.252093014323664
636,1.520199248779676
637,1.0285316650162362
638,0.6904661103563536
639,0.8866507842246373
640,0.7827427874806365
641,0.5317001542973885
642,0.3856501457323406
643,0.35041288573801216
644,0.261384946279479
645,0.28708459983723056
646,0.2900752465653801
647,0.26338541979716457
648,0.0860780797371572
649,0.10625910091177793
650,0.11222803868586892
651,0.06982645654000395
652,0.09094575849241306
653,0.08321804672521337
654,0.05337243575969343
655,0.07153700531379209
656,0.07829487575825372
657,0.5349138190346854
658,0.4487255252842779
659,0.2728661299387806
660,0.5524383367867147
661,0.455875435834378
662,0.29223276777010976
663,0.4990676136788038
664,0.4115255451521092
665,0.25997986997643857
666,0.2937172194387329
667,0.2832959355243575
668,0.1913212991020346
669,0.13186079138559192
670,0.11199842620847843
671,0.11099116450194182
672,0.14920043675473124
673,0.1502163362869939
674,0.11348981277411581
675,0.2591048159837235
676,0.2313021186096303
677,0.2617690625410289
678,0.3064779834579409
679,0.25687969764335267
680,0.22905314878377522
681,0.20331997582562988
682,0.18416514617274715
683,0.19824099621909708
684,1.7520689002844885
685,1.2618835951899545
686,1.0779023656052185
687,2.188373667987866
688,1.4466683282411
689,1.2494157786968025
690,1.5224418124671026
691,1.063464294417975
692,0.8738092626334143
693,0.8413602121059729
694,0.7375040548931402
695,0.6633202478384321
696,0.4374954466884098
697,0.45047691453931565
698,0.3790855085413393
699,0.438604766969051
700,0.39473344949072664
701,0.375518183689134
702,0.07798621687486929
703,0.07929649760937385
704,0.08720663031931253
705,0.04086728676159751
706,0.0305967045352885
707,0.024805823596533747
708,0.03983872214719686
709,0.031422297872769435
710,0.03428168259438148
711,0.3519674128997626
712,0.2788996010110458
713,0.23379169296262117
714,0.3132286374753902
715,0.22533318458519336
716,0.19062959162119666
717,0.26482545800897483
718,0.20082906228922406
719,0.1626817040062523
720,0.22338301460573307
721,0.1918926527751385
722,0.15434856259911892
723,0.1097030485131954
724,0.06618902131487805
725,0.07305576411500324
726,0.09960336928973626
727,0.08168246603030316
728,0.07486310558274026
729,0.11703996105819618
730,0.1400519084920258
731,0.1296513192956706
732,0.04782426006020656
733,0.06616648069325518
734,0.050988929830967374
735,0.008707846785328148
736,0.025830830118766947
737,0.0362708287252035
738,0.6063937299249385
739,0.563852346142726
740,0.406437057145697
741,0.38118146283290627
742,0.37910129039597557
743,0.27799159313263766
744,0.20222683422964052
745,0.22043884387873758
746,0.18436617985985376
747,0.34289975216761986
748,0.32815539321205733
749,0.2450807115754505
750,0.18896559034022836
751,0.10933361227250366
752,0.07942230235623236
753,0.05855947617878555
754,0.08297590958145212
755,0.08297258500684625
756,0.08599726175517615
757,0.09710627163905634
758,0.11391969791674615
759,0.11077064746038268
760,0.11679251313497203
761,0.11005193520852968
762,0.03736510447966134
763,0.04477151293958503
764,0.0824297261720421
765,0.5474643201105635
766,0.5471977016066456
767,0.4919553107508842
768,1.4690103932587377
769,1.3050213892541112
770,1.154027947278151
771,0.5394921976344821
772,0.5039652125062217
773,0.45341343576842075
774,0.26942361387164365
775,0.27189348412029063
776,0.23920954748660775
777,0.13955369775930526
778,0.29854778527765413
779,0.13525042459856781
780,0.1290432531170709
781,0.1358919580113155
782,0.1368737261005161
783,0.0531474550665872
784,0.07891519213658214
785,0.08547587023542856
786,0.03925971738330827
787,0.045774424145983796
788,0.03358036484286601
789,0.010493063692839567
790,0.02957251589922941
791,0.0289759520216218
792,0.5943804717837499
793,0.36137076168494564
794,0.22424782229311738
795,0.7215537797218838
796,0.45044068817944755
797,0.2601668326891645
798,0.32097416670208856
799,0.24798385920820862
800,0.1341288435429914
801,0.20156081844128637
802,0.19528903626599098
803,0.12962519173389953
804,0.08316036255082031
805,0.06562601740941218
806,0.053046273290114035
807,0.05877529366266238
808,0.07919976032270001
809,0.05017077622034696
810,0.09400988418555388
811,0.09892148063567723
812,0.10501944929757542
813,0.06962786502103273
814,0.061124900823074244
815,0.04946474682528158
816,0.04664912633506649
817,0.038631322386526515
818,0.048380306119688424
819,0.5253861508186507
820,0.43387506802477704
821,0.3458806828562377
822,0.4913638120265343
823,0.3891289080348086
824,0.31795587000029035
825,0.3902727087026564
826,0.3303943787313925
827,0.27579051526203446
828,0.31564298840922445
829,0.29227639924832993
830,0.2374160879605453
831,0.1666629056741443
832,0.12703670991062843
833,0.1093681894268498
834,0.1406076827887032
835,0.1276639247538852
836,0.10624260179285387
837,0.5441055419679157
838,0.37108820237016066
839,0.4065758226182234
840,0.6126860322605604
841,0.5361660776604039
842,0.4363402400878515
843,0.4407133171530454
844,0.33505246998618693
845,0.3556489744096974
846,4.372184401314949
847,2.4537033235241736
848,2.175476313991495
849,5.3209723828312745
850,3.1386287059855946
851,2.1374084312814436
852,3.359476950351949
853,1.6009406355880005
854,1.3788158227736655
855,1.7339322857022041
856,1.1635518423439433
857,0.9975014264296874
858,0.6267270709386052
859,1.3252493929476887
860,0.5878792545550643
861,1.1139513134814836
862,0.6847377795488618
863,0.5894085488906485
864,0.07122840773767897
865,0.07908750851012658
866,0.10601365406374115
867,0.03458184165215308
868,0.03226501175833577
869,0.03483150762961348
870,0.008143879322158624
871,0.012427331599807207
872,0.027936872250340816
873,0.3921557559022803
874,0.39218342019015534
875,0.3631407999448093
876,0.27572970063229113
877,0.28628898743582176
878,0.2592049138060882
879,0.18297257105920173
880,0.18201931666150636
881,0.16178847072274966
882,0.2431336136627068
883,0.24975822852448434
884,0.23707863817127606
885,0.18155466945296064
886,0.10678368276050984
887,0.06736506799590343
888,0.05310623238617509
889,0.060213363423837374
890,0.06560242087521265
891,0.4472560371137731
892,0.1401840518735628
893,0.12347510930333792
894,0.445086921027449
895,0.13839318276253731
896,0.10654747505490879
897,0.15288277067789652
898,0.10380034630059344
899,0.09155469199733787
900,1.4560970995150877
901,0.6278425968012188
902,0.3700999387297887
903,1.592739052814665
904,0.6626992645750737
905,0.39384909456980016
906,1.1693872482138814
907,0.5785540397540859
908,0.32517776341743465
909,1.045294724199894
910,0.37844855088273743
911,0.2252306305057767
912,0.16279233620737724
913,0.1511168340577879
914,0.1451900715513394
915,0.491691385424586
916,0.23107803805583482
917,0.15679415202846303
918,0.15473776748408485
919,0.16146565544224387
920,0.20301206699243637
921,0.12456303775906408
922,0.12094552652540128
923,0.11713431336493461
924,0.08105743770335568
925,0.09047110546459373
926,0.13253313463868963
927,1.1890076851999243
928,1.0403485909275998
929,0.9438145277930656
930,1.1213671983640892
931,0.9736860657908337
932,0.8472049029252969
933,0.7249269083396709
934,0.6433072002377875
935,0.5441948848354624
936,0.5624576940197394
937,0.5481526541131286
938,0.49714712845818765
939,0.38124359953843046
940,0.2886015848358024
941,0.22824193152428182
942,0.204190255503116
943,0.2189314031299703
944,0.22513987519659437
945,0.07147277805391902
946,0.053587595523831306
947,0.06006404543661156
948,0.04538724281587417
949,0.030250628686946345
950,0.01978417944212722
951,0.030913495463507537
952,0.02022430190881005
953,0.018757741044109655
954,0.4306381477719962
955,0.3403901933993181
956,0.24769920560712985
957,0.3557355242891553
958,0.28219454861420673
959,0.2088692589691935
960,0.2428245806831723
961,0.18192603091953263
962,0.1358685958327499
963,0.2414475056515566
964,0.21335846411219503
965,0.15126568515706434
966,0.09851535680576301
967,0.07165579552153907
968,0.05490411493792927
969,0.09225240871870524
970,0.06746569271456251
971,0.0521446046275865
972,0.17355423063499928
973,0.19248388421474982
974,0.2295730787883179
975,0.1548019792631535
976,0.16236324386370288
977,0.18294037575969083
978,0.09764157654246132
979,0.11605066210960073
980,0.18995694608888855
981,1.202227969866768
982,1.1937766086865838
983,1.1562995892377503
984,1.4520667869131239
985,1.425138686446681
986,1.3670642617360773
987,0.9740366666922546
988,0.9093798099887037
989,0.8095963817273949
990,0.5173696229863151
991,0.544236771113236
992,0.5502778389917902
993,0.42996369267721046
994,0.41408499304861707
995,0.2977720019241946
996,0.29252195299788475
997,0.3190170725388681
998,0.2933973222461824
999,0.09927961329501202
1000,0.09522485764656022
1001,0.10793723486458676
1002,0.05206394107262254
1003,0.04004967426654688
1004,0.035414306686515885
1005,0.040745795440451864
1006,0.032610441613933464
1007,0.03910309551200304
1008,0.4001973826417756
1009,0.29424709958625134
1010,0.2766291356387903
1011,0.30727282363101116
1012,0.21071252575443425
1013,0.20145535278706775
1014,0.2637266898487353
1015,0.20744484226054657
1016,0.17658742746564113
1017,0.2792381821393265
1018,0.2392911529570128
1019,0.2011159340614122
1020,0.14510136199675439
1021,0.07912365458609032
1022,0.08207577523482695
1023,0.10864059881020151
1024,0.08940505919702152
1025,0.0852465900492635
1026,0.10905429758155415
1027,0.11566352795979225
1028,0.13409040362077768
1029,0.08031690890841103
1030,0.07663896696821461
1031,0.06398829644220685
1032,0.04152987973491978
1033,0.04791919851981497
1034,0.062191353743707184
1035,1.2956269503187534
1036,1.1133696008574792
1037,0.6794912471423388
1038,1.3272982968106972
1039,1.1473225582835782
1040,0.6906324241271231
1041,0.5211563535736697
1042,0.4439825666305783
1043,0.3845785598111841
1044,0.5310559522209652
1045,0.5181803595753397
1046,0.33760443383714306
1047,0.23745891474725755
1048,0.19736613230532166
1049,0.1286040153244292
1050,0.14055895890538467
1051,0.1140215297116008
1052,0.13066783420058617
1053,0.04627357157795897
1054,0.05255243824295546
1055,0.07258775014532076
1056,0.021326462953284456
1057,0.021762231757634695
1058,0.028687517121839156
1059,0.010249956065837642
1060,0.015100549536213169
1061,0.02957880138431319
1062,0.30305755651679844
1063,0.29433073458753006
1064,0.26907749824897315
1065,0.22609961073742232
1066,0.235064933885262
1067,0.2108680551432464
1068,0.158674112040291
1069,0.1538345126700949
1070,0.1407969194296006
1071,0.16946449119643495
1072,0.1703649184626597
1073,0.15537394924665593
1074,0.10749608801556919
1075,0.07580495121209821
1076,0.058519583507593995
1077,0.04391491260738405
1078,0.050215772428940895
1079,0.05765683206302195
1080,0.06488966320452359
1081,0.07089363614251719
1082,0.07483337052925688
1083,0.04738211041119469
1084,0.053223542303596494
1085,0.04631128427810301
1086,0.0383447026235102
1087,0.042574522463641594
1088,0.049035688518186175
1089,0.28491049564699944
1090,0.2638565650341703
1091,0.23461237563038173
1092,0.2533539119970009
1093,0.2545953132878281
1094,0.21744511868041572
1095,0.20817371750191838
1096,0.20323250358126765
1097,0.16958473272593128
1098,0.2063484266884165
1099,0.2015143344563004
1100,0.16756366097317502
1101,0.11365846931460696
1102,0.09156145954865194
1103,0.08153357710868735
1104,0.08343438819294684
1105,0.08829552339954418
1106,0.08198132997410847
1107,0.20270942466129324
1108,0.22100972955810366
1109,0.2734632585365022
1110,0.18842646530866422
1111,0.16256572424122967
1112,0.1546642183370578
1113,0.14294805493295454
1114,0.14934900798572093
1115,0.17943844963583638
1116,1.8729380984434476
1117,1.8595838258187902
1118,1.544901065497162
1119,1.327191138142365
1120,1.34916173616546
1121,1.153268205164994
1122,1.0676269671682714
1123,0.9484885265556405
1124,0.8950233128461327
1125,0.8664315683547219
1126,0.8774245228184141
1127,0.8046614347725484
1128,0.5101676285798701
1129,0.3564871608014549
1130,0.3230431587227908
1131,0.3094601129909168
1132,0.3119614195345201
1133,0.31888829295698157
1134,0.1663719000552169
1135,0.1563025345898765
1136,0.1560828511308599
1137,0.14182593186192757
1138,0.12022667839497458
1139,0.09491406003796754
1140,0.11690702257083271
1141,0.09668763210387255
1142,0.1119784527304699
1143,1.0807897409116403
1144,0.8456027899707379
1145,0.6477820099193995
1146,1.0107916524571408
1147,0.7902125244471647
1148,0.6146640108718111
1149,0.8749557588817711
1150,0.683562359844991
1151,0.46429503359556634
1152,0.6430207371065012
1153,0.5241518945617002
1154,0.3653520039588746
1155,0.26314994847898765
1156,0.2014230927682037
1157,0.19833447193229053
1158,0.31027325828955504
1159,0.23977636815303796
1160,0.2030715683604523
1161,0.06051674532095475
1162,0.0635393142162064
1163,0.08070663564619779
1164,0.05840653316615963
1165,0.05832634705628723
1166,0.051576282794555416
1167,0.04240219718137456
1168,0.0440613657170531
1169,0.05170831366261872
1170,0.25040077054924414
1171,0.24004263850887225
1172,0.21019137692795667
1173,0.2796165822153826
1174,0.26764943356732707
1175,0.2369595330143376
1176,0.2277643040736351
1177,0.21682084361705978
1178,0.18403083289671118
1179,0.18625111955762325
1180,0.1888817256627152
1181,0.16368899413613278
1182,0.11814057780174393
1183,0.09883957903016849
1184,0.08345148657416203
1185,0.08309045456762572
1186,0.08767710071366645
1187,0.084073224567881
1188,0.12485541722093142
1189,0.14298929177735192
1190,0.15007316724692976
1191,0.09083357797942135
1192,0.10932744482997168
1193,0.10038675771146131
1194,0.05812316462251644
1195,0.07773592160937905
1196,0.09893082043928084
1197,0.8359473686832508
1198,0.7527882017086273
1199,0.6077604621479265
1200,0.7571893470929363
1201,0.7262681326122585
1202,0.5650310158576418
1203,0.4473065864496208
1204,0.43285024839079256
1205,0.3524565939797261
1206,0.40884447969811477
1207,0.379400297619436
1208,0.313346186138408
1209,0.23555309045342854
1210,0.19453791008374494
1211,0.152139104593516
1212,0.13261087063555052
1213,0.15666996624299848
1214,0.1529727081128179
1215,0.12488932418132735
1216,0.12381754322339276
1217,0.13218410503202158
1218,0.0804315926846603
1219,0.08230032895343738
1220,0.07624212600316768
1221,0.06500004188336324
1222,0.07060815335867344
1223,0.0801432213844975
1224,0.5529867778524853
1225,0.4578269414703759
1226,0.34612507479310606
1227,0.4694647208822978
1228,0.3967105822195586
1229,0.2919027360407019
1230,0.4048692252656455
1231,0.3805823015304167
1232,0.2847123723387406
1233,0.35457520791615166
1234,0.33938890353880774
1235,0.25306747464472723
1236,0.18259464345093063
1237,0.12016460284041744
1238,0.12490462842940182
1239,0.16910297688918474
1240,0.16057040255692975
1241,0.12946409548295565
1242,0.16801759724153403
1243,0.16570979332241786
1244,0.21389700873511824
1245,0.17698029790194975
1246,0.14226217849942815
1247,0.1374972870422912
1248,0.13467752773628952
1249,0.1297304413694897
1250,0.178877320839508
1251,1.2376774431524686
1252,1.2061319602178415
1253,1.1348715931263755
1254,1.1720716192288057
1255,1.1392811876379028
1256,1.0489518265295255
1257,1.0424720156988148
1258,0.8986236964950202
1259,0.8239808686077251
1260,0.7343115288632611
1261,0.7270488146938546
1262,0.6673221193157567
1263,0.40679648201694596
1264,0.3024620748176901
1265,0.2933488571366798
1266,0.2987889809631369
1267,0.28822082857217096
1268,0.2922993085656579
1269,0.08447176884758652
1270,0.08864496392864078
1271,0.09375953832257404
1272,0.06755585341707766
1273,0.07127569387923027
1274,0.06262762016684338
1275,0.0385017972794112
1276,0.03928062814715265
1277,0.04311576216941606
1278,0.3084450658721623
1279,0.2799195962796118
1280,0.24832661484178845
1281,0.39771903635112915
1282,0.36229072931830303
1283,0.3002773766178137
1284,0.24320020158867064
1285,0.2212622715109975
1286,0.17569797158675726
1287,0.20234111281601233
1288,0.19917779883052483
1289,0.15738537863039817
1290,0.1145818346892899
1291,0.12276462788860254
1292,0.08458516276066116
1293,0.10154764490746607
1294,0.09413445213276612
1295,0.08764176422041194
1296,0.06591532270963173
1297,0.05901427638120798
1298,0.060116870050262824
1299,0.033099038265073925
1300,0.030228191975876156
1301,0.023302891420852134
1302,0.02665701165511677
1303,0.024659848601627798
1304,0.028082985734106457
1305,0.3351320752041942
1306,0.3027409520512654
1307,0.20858703945284016
1308,0.3301203181488003
1309,0.297888085449967
1310,0.20167836646000767
1311,0.2440094401232961
1312,0.20256194653030096
1313,0.1539241920796733
1314,0.2161698735299041
1315,0.18384190122866093
1316,0.1386396977487014
1317,0.08840844006729887
1318,0.06748947319153037
1319,0.06578908262520636
1320,0.07634108643064519
1321,0.0750779620381072
1322,0.06464993787053078
1323,0.06018395151879406
1324,0.0580949368166404
1325,0.0654404012466742
1326,0.04771188531747103
1327,0.03340116872171812
1328,0.027451828264232658
1329,0.028625454716777077
1330,0.017049377293396343
1331,0.021064240356728173
1332,0.3718779308088793
1333,0.2760390676166564
1334,0.21005484856963227
1335,0.4058940698856572
1336,0.29111441641301417
1337,0.23228072320253687
1338,0.31567180448295545
1339,0.21391119885004783
1340,0.13307201221767556
1341,0.20099981681327597
1342,0.16295436516037698
1343,0.11485766236922411
1344,0.0740952539206364
1345,0.0654852382528493
1346,0.05416614250595427
1347,0.0978393844843307
1348,0.06664253771572759
1349,0.053453572102699784
1350,0.22635182120618624
1351,0.23548828396459695
1352,0.29000525925859133
1353,0.1701659440292956
1354,0.16708503216210147
1355,0.15940469844492475
1356,0.12064308718337335
1357,0.12500105655957466
1358,0.1829731652306904
1359,1.5387876763598916
1360,1.4408477871463052
1361,1.1829091695361595
1362,1.2446309571914138
1363,1.2104625465579593
1364,1.0785822196982924
1365,0.8456388219881493
1366,0.8334032321581027
1367,0.7163684931424178
1368,0.8271986036833376
1369,0.823084665140886
1370,0.691705454588133
1371,0.5217504454340631
1372,0.3450810116110528
1373,0.2735719255909951
1374,0.24648021073793547
1375,0.254904065625032
1376,0.26449372119780823
1377,0.10180540239051472
1378,0.10795336198859967
1379,0.11498101114887309
1380,0.086898303269906
1381,0.08330904523912933
1382,0.07146609836629376
1383,0.04787109903606533
1384,0.049450972632626995
1385,0.05732541175074726
1386,0.3772508531465038
1387,0.33480403930859964
1388,0.2887671075588355
1389,0.41333601280440313
1390,0.35834840886436026
1391,0.2979517445306593
1392,0.30982579930138265
1393,0.277583729304721
1394,0.2209735542738576
1395,0.2521633605283129
1396,0.2416533520015687
1397,0.19294162056168424
1398,0.1493577758500435
1399,0.14372315055262305
1400,0.10610374174231094
1401,0.12727513173064547
1402,0.1235230245579449
1403,0.11146969589914783
1404,0.2227598638416389
1405,0.22363555846614813
1406,0.25568492935237314
1407,0.19726282686491894
1408,0.19395929679028004
1409,0.1840616171860225
1410,0.15251199695536188
1411,0.15460728632254928
1412,0.2208438478811204
1413,1.6586223497590935
1414,1.6342332688553511
1415,1.4886123298173122
1416,1.4712848896174964
1417,1.4625042224518423
1418,1.3220954802386553
1419,1.1155894252928815
1420,1.1169665762027923
1421,0.9922836984681951
1422,0.9140851553739606
1423,0.8847233468662536
1424,0.770301684415403
1425,0.567433739004067
1426,0.4218995224450504
1427,0.36271376730070115
1428,0.3434265194625062
1429,0.34917772254883367
1430,0.36214805399463085
1431,0.09186710722229978
1432,0.09506301090109331
1433,0.12136266193823979
1434,0.06869594254912048
1435,0.0623424601144587
1436,0.06131936358173548
1437,0.04064550690870397
1438,0.043446536684848325
1439,0.06421511229289681
1440,0.48544933543118196
1441,0.46782498583696164
1442,0.41687442722609774
1443,0.45473867416215064
1444,0.4578787430095863
1445,0.3901744234570474
1446,0.29657505132352185
1447,0.31724738455613755
1448,0.2832610095028303
1449,0.30355076346181387
1450,0.29947787852498875
1451,0.2559858972722874
1452,0.18142696460099383
1453,0.14168134850407266
1454,0.11693529542834974
1455,0.10592532848862107
1456,0.11231411093611288
1457,0.11685410120812764
1458,0.12216443885475646
1459,0.13557794176100618
1460,0.13005405756766264
1461,0.11903898407127173
1462,0.12296026883604527
1463,0.08360947562943251
1464,0.051914740888152136
1465,0.06681769621449767
1466,0.06434951013669722
1467,0.6842700191282644
1468,0.6044853263805018
1469,0.3604097679923492
1470,1.202706525229623
1471,0.8699360095549457
1472,0.5131406684157094
1473,0.5329588607487702
1474,0.47787162373928477
1475,0.2415587179210005
1476,0.34086454053172843
1477,0.3017245381040328
1478,0.2193780994691258
1479,0.1451522617011249
1480,0.16347360373056574
1481,0.09728169915667875
1482,0.13124858617079585
1483,0.15068740284622612
1484,0.10106270837445694
1485,0.10389735859800757
1486,0.09769540987790441
1487,0.11782464181094458
1488,0.051046171422726716
1489,0.036672759667081736
1490,0.038459580180802325
1491,0.04713362119341626
1492,0.04043871611235872
1493,0.04228905880213795
1494,0.7300111861194966
1495,0.41127697624439646
1496,0.2800277850781344
1497,0.7061698137242238
1498,0.3683712935008181
1499,0.26779002988268896
1500,0.4658794961878197
1501,0.3479505412136961
1502,0.20643319749726946
1503,0.45135042646275064
1504,0.3207943494030945
1505,0.21330482090494973
1506,0.1348134710341098
1507,0.06892604393621321
1508,0.07541187463816265
1509,0.12694450424058124
1510,0.10639488422832886
1511,0.08165056007146439
1512,0.1701018337392775
1513,0.14483960248114044
1514,0.14686077949365064
1515,0.15554314793001187
1516,0.1249466216526065
1517,0.10164417465259452
1518,0.13717020936620272
1519,0.10419733955183326
1520,0.0929843561024127
1521,0.8194025063311019
1522,0.5658633264621988
1523,0.2890321220540415
1524,0.81401092717359
1525,0.5754664115103476
1526,0.3484277358908275
1527,0.7948744637418154
1528,0.6219105566502222
1529,0.3675507056552318
1530,0.49892969784531993
1531,0.3941938451754705
1532,0.2882218772686369
1533,0.18637181579204026
1534,0.16967230153485777
1535,0.16624855514377745
1536,0.2979615954624459
1537,0.20616761161776725
1538,0.17244207226584135
1539,0.11935277692278604
1540,0.1220871346481367
1541,0.11756863844093525
1542,0.08656294482617614
1543,0.09208307024343555
1544,0.07642559682979216
1545,0.07055877379551315
1546,0.07939021553063673
1547,0.08241531627152925
1548,0.5521100111217284
1549,0.4926360608334896
1550,0.3269712926447154
1551,0.5326247363499524
1552,0.47020821267312535
1553,0.3378967043395935
1554,0.4195786786763206
1555,0.386716781088147
1556,0.27947156769265796
1557,0.34858561543839145
1558,0.3226946905627
1559,0.2331853543467035
1560,0.16972333274784965
1561,0.14291374067146528
1562,0.1396675866810371
1563,0.16918949377365794
1564,0.16235099856742785
1565,0.1387966183223363
1566,0.1339424706275462
1567,0.1212726504262407
1568,0.12334413599692338
1569,0.10876746155610892
1570,0.09236286427627313
1571,0.07690464361769067
1572,0.09752339715310554
1573,0.07728276893683832
1574,0.07433522482712443
1575,0.6282590013458804
1576,0.4478285295488254
1577,0.3505608153587087
1578,0.6439464519947994
1579,0.4316502235122151
1580,0.3534575486457285
1581,0.603835514906246
1582,0.4514787689433592
1583,0.33897534068552787
1584,0.38844012309159165
1585,0.31817280966912564
1586,0.24669365772559657
1587,0.16433576640138847
1588,0.14265946306822258
1589,0.1270645589059919
1590,0.20720858936683217
1591,0.17027652185897743
1592,0.13655390051921154
1593,0.12359922327400649
1594,0.1091747279032091
1595,0.10481643196234418
1596,0.08736409331162645
1597,0.0803056251397795
1598,0.049284727993400515
1599,0.06221050484972512
1600,0.048120680537433465
1601,0.03818157041792487
1602,0.8153696925328942
1603,0.4612559164128374
1604,0.2520744547403429
1605,1.3452191476993909
1606,0.539232602422224
1607,0.273289200770344
1608,0.8471516247523768
1609,0.40480073919516574
1610,0.2147580301125031
1611,0.5418291598020097
1612,0.2814922127378744
1613,0.17306628546974556
1614,0.10449044362034632
1615,0.07258270621850475
1616,0.0669784653808779
1617,0.26823389240040435
1618,0.11311699292501638
1619,0.07220706289418237
1620,0.09883833054139718
1621,0.10800746247475111
1622,0.13073171739254316
1623,0.04744811301422746
1624,0.05224835278359376
1625,0.04607103634852811
1626,0.028851669486375485
1627,0.033567621547613946
1628,0.04498590918103526
1629,0.47012908583874713
1630,0.43417635757280204
1631,0.3552944148456066
1632,0.4010311187812356
1633,0.3725506103318393
1634,0.3018002893985445
1635,0.24030777739374845
1636,0.22835038457977458
1637,0.18343816386290984
1638,0.2990836020152987
1639,0.26823908982052036
1640,0.22665937947172668
1641,0.1747933635728459
1642,0.11217242555836501
1643,0.07975043258807887
1644,0.08145844107541966
1645,0.08536826804471337
1646,0.08011666845724455
1647,0.09444420698678058
1648,0.09697817887796102
1649,0.12198517367719755
1650,0.0818627513466125
1651,0.08052671307564838
1652,0.08310971793842013
1653,0.05549290533394801
1654,0.055481790107038076
1655,0.08217705694058758
1656,0.38633679017523376
1657,0.37711749577206494
1658,0.36401231141583607
1659,0.3654258561963627
1660,0.3545335516269714
1661,0.31612522378237123
1662,0.3025915019569688
1663,0.28456427010926577
1664,0.2520191666813082
1665,0.2479837012259147
1666,0.248623012435505
1667,0.22978317471287465
1668,0.18487882398556402
1669,0.1526435812703008
1670,0.13427353579850396
1671,0.13304572971637285
1672,0.13151041752527673
1673,0.13874372403236404
1674,0.13952462033889182
1675,0.15272594526974526
1676,0.1801219579959185
1677,0.08081783752977138
1678,0.0926078104535562
1679,0.09125796126045788
1680,0.058050142415380444
1681,0.06866714755200706
1682,0.09415844565595492
1683,0.6935854077073367
1684,0.6766864216408716
1685,0.5168320756349684
1686,0.46295285083147264
1687,0.4785684896610251
1688,0.4269125191710326
1689,0.2986868144710985
1690,0.3066507044806531
1691,0.2810173379950655
1692,0.3909456532765629
1693,0.38562883349105664
1694,0.3586238348889362
1695,0.26882812654806454
1696,0.1806308315998517
1697,0.13529778639038006
1698,0.12393092841888391
1699,0.13765110775078335
1700,0.1335313208307063
1701,0.10829248686866369
1702,0.11141803309074531
1703,0.11886850058579185
1704,0.08357667494852368
1705,0.08621332988381564
1706,0.07671817845445678
1707,0.06113307068199442
1708,0.06744698088812746
1709,0.08521010382373578
1710,0.48964474282846004
1711,0.45701155586392517
1712,0.39357627109544335
1713,0.4527659517860548
1714,0.43612052854972116
1715,0.40230306666841675
1716,0.3501903251056959
1717,0.3416652880956438
1718,0.29770390550233894
1719,0.3218266075085477
1720,0.317644842197093
1721,0.278139429274617
1722,0.21193279005562746
1723,0.16427987475320202
1724,0.14933883482199758
1725,0.14276096857567283
1726,0.1502959788140455
1727,0.14791345067900386
1728,0.12063521593599023
1729,0.125757799615834
1730,0.13759688834647205
1731,0.08526227184485871
1732,0.08298299265348534
1733,0.07869363757780612
1734,0.06131461427167945
1735,0.06774869602422205
1736,0.08396856894783261
1737,1.2673303903102522
1738,0.712105735513242
1739,0.5565358771176875
1740,1.0475800280537755
1741,0.6476462483051497
1742,0.5398956524034698
1743,0.6646314699186351
1744,0.48688871073045276
1745,0.373102507628366
1746,0.5245027158914645
1747,0.44164898814740816
1748,0.3238609627572359
1749,0.2203842673014382
1750,0.17634041636168504
1751,0.15598806131930681
1752,0.16338069083139414
1753,0.16589024003272645
1754,0.1579818261991565
1755,0.08641934554425497
1756,0.10540989918415289
1757,0.09158370495302184
1758,0.06361805830584771
1759,0.08269860197701902
1760,0.05735847147282669
1761,0.023868075656621194
1762,0.04467166915938039
1763,0.04977640552563467
1764,0.7897042168942231
1765,0.49205238230331994
1766,0.3569732095227976
1767,1.35722734006306
1768,0.768019045066524
1769,0.4568268781418189
1770,0.5626945009039721
1771,0.4037849965152377
1772,0.27421235755881257
1773,0.2625862760358472
1774,0.29259039453243446
1775,0.1824385654818116
1776,0.11677643881243617
1777,0.12543195453738992
1778,0.09615946866875649
1779,0.13312482194250252
1780,0.10384676985498675
1781,0.09582620665540743
1782,0.15664786825220683
1783,0.14237525172469895
1784,0.14354287484824993
1785,0.12954304360087732
1786,0.11331014154664261
1787,0.10826533123435882
1788,0.10803447689904624
1789,0.09287502062301829
1790,0.10582811553303141
1791,0.9122688390828158
1792,0.6834432379738904
1793,0.6037668297446809
1794,0.8794218007407526
1795,0.64067043313999
1796,0.5659284821084152
1797,0.6020437972348274
1798,0.45492841133902456
1799,0.36780393755798185
1800,0.4449555882146169
1801,0.3709200787485887
1802,0.336876479268408
1803,0.2611099464557769
1804,0.23107864867293423
1805,0.2037917344832394
1806,0.249784384045206
1807,0.22231593646341108
1808,0.19940689222988875
1809,0.08989404935987859
1810,0.09107306943257014
1811,0.10877942747800853
1812,0.05199262182439828
1813,0.054826345602361
1814,0.05583103109203064
1815,0.039916904986614904
1816,0.0433878076252033
1817,0.05455646308654792
1818,0.9942339758658817
1819,0.5435495058149971
1820,0.3611904562727464
1821,0.9698305102854905
1822,0.5052632564130298
1823,0.3801784472366776
1824,0.5413919577689681
1825,0.3658945367499642
1826,0.26797391240090673
1827,0.3615650899622188
1828,0.2773365635922823
1829,0.2065853021522023
1830,0.13485665579471873
1831,0.10394634394753652
1832,0.08695616348577977
1833,0.11676071978952639
1834,0.09919209219269705
1835,0.08755657403398254
1836,0.10111346234840554
1837,0.09666872969340297
1838,0.10070961631348456
1839,0.07127913009807646
1840,0.07042867380594528
1841,0.06088672790499415
1842,0.056068206791129435
1843,0.05480740790210558
1844,0.06515466092716495
1845,0.5142124977409509
1846,0.45753396872429053
1847,0.3902685724386769
1848,0.4166137438395175
1849,0.382433994718798
1850,0.3196227996858835
1851,0.3142664583249951
1852,0.28528839760583613
1853,0.24197952408349693
1854,0.3454016221706624
1855,0.313139095549589
1856,0.2616682819931537
1857,0.18589290598334998
1858,0.13735233897666763
1859,0.11597809836122923
1860,0.12849591551746276
1861,0.12337827121933033
1862,0.1147701093191719
1863,0.18281898451069464
1864,0.15998233061403216
1865,0.15108504071393275
1866,0.13670804701566888
1867,0.12122511216369582
1868,0.07976478427816522
1869,0.10990125318350531
1870,0.09335342899694912
1871,0.08266865749144696
1872,1.1458972602673358
1873,0.578099298464133
1874,0.3612519607049734
1875,1.7597345224415808
1876,0.7145858545834805
1877,0.36144577479037376
1878,0.9781013681437664
1879,0.5969168122661513
1880,0.35095604995717744
1881,0.7175207933449554
1882,0.45828171360755926
1883,0.2653351332265771
1884,0.17798833769456526
1885,0.11429456383283504
1886,0.13061114959572698
1887,0.23945894728203226
1888,0.2013070609052351
1889,0.13264961642028733
1890,0.09807499957897794
1891,0.11496442190784
1892,0.1236158886243953
1893,0.08752623362490838
1894,0.09243441084669755
1895,0.08769804906654709
1896,0.05301423782874751
1897,0.06860087119377328
1898,0.0839029017602755
1899,0.4574005224108437
1900,0.40266968465154623
1901,0.2853208561952671
1902,0.5887006164403549
1903,0.4961684584583312
1904,0.34810483440010803
1905,0.49216959899351026
1906,0.438115133751619
1907,0.2901139999080603
1908,0.2744818631701619
1909,0.2833662576566196
1910,0.20086564295916687
1911,0.14164235124407476
1912,0.1416163770782822
1913,0.12064503243273189
1914,0.16172305688787686
1915,0.1649320134306717
1916,0.12192649287194389
1917,0.1608629034616296
1918,0.14905211098867424
1919,0.16029497303291068
1920,0.1339420080216674
1921,0.12703731859728792
1922,0.10565216837507607
1923,0.11868989937442524
1924,0.11236488303028884
1925,0.12306053115422216
1926,0.8913508963716147
1927,0.7864943010221584
1928,0.6271943878894364
1929,0.8366867017042272
1930,0.7521649107208267
1931,0.638919813390922
1932,0.7128307633125057
1933,0.6416337807905664
1934,0.5358835960173112
1935,0.5725024936974671
1936,0.5333599447849522
1937,0.42807923058796515
1938,0.28785486274907407
1939,0.23453033659600644
1940,0.22182245776996376
1941,0.250754473012429
1942,0.24080653130266133
1943,0.22301096569373874
1944,0.1292544700917762
1945,0.13599917970263817
1946,0.16612097363427636
1947,0.0755851359940507
1948,0.07225384824513921
1949,0.06951890226386691
1950,0.05334002531894325
1951,0.056841996029778435
1952,0.0833749395085837
1953,0.5042322325483855
1954,0.5048570382855047
1955,0.48174015168252865
1956,0.38289304321982703
1957,0.39024259558115476
1958,0.36039127693452633
1959,0.28746244104558827
1960,0.28833639822642704
1961,0.2636284225796596
1962,0.3371561355085233
1963,0.3420705273842821
1964,0.33053303200046696
1965,0.263818322195615
1966,0.17443618071113315
1967,0.12702885462309604
1968,0.11613555485643516
1969,0.1228854409276313
1970,0.1281633272590321
1971,0.1820819675858601
1972,0.1972944258626093
1973,0.23762703570876212
1974,0.16385291732747825
1975,0.1613846416813831
1976,0.1467563050680305
1977,0.13101565617264213
1978,0.13401196298389229
1979,0.16262949304513272
1980,1.1403050001028687
1981,1.0107289977391214
1982,0.8673029024398295
1983,1.0020801058640987
1984,0.8733403195261265
1985,0.7910634922849834
1986,0.773489011964898
1987,0.7555916453451045
1988,0.6714413110000488
1989,0.6614018996714691
1990,0.6657747764142079
1991,0.5670537701416429
1992,0.4298472656755503
1993,0.3097353589770436
1994,0.28488156461065517
1995,0.31011397617031616
1996,0.3078495239534227
1997,0.2951762107207135
1998,0.15297221412594944
1999,0.16440791026208007
2000,0.16213337499658245
2001,0.14480330018803847
2002,0.1505581318979914
2003,0.13116758486867117
2004,0.11961012352396733
2005,0.09939939211578151
2006,0.13258788963139082
2007,1.6222475551494036
2008,1.4973425315258273
2009,1.2996625212604018
2010,1.9555825453738578
2011,1.5722255668291794
2012,1.3054239877334197
2013,1.3132187568816145
2014,1.1116756545670694
2015,1.074096012723428
2016,0.6358732275844057
2017,0.5756357033044167
2018,0.5139174367928799
2019,0.4416813224705662
2020,0.39816115377669536
2021,0.38544401149073476
2022,0.39891481334035467
2023,0.38203178779928665
2024,0.381800548522951
2025,0.15367070859698004
2026,0.1493398536028836
2027,0.14855212278773994
2028,0.13365039220170447
2029,0.12444614536418822
2030,0.1026970781231851
2031,0.07489417102595326
2032,0.07495796763295152
2033,0.08568472724617646
2034,0.8800620331747375
2035,0.682760054704618
2036,0.5280528518074233
2037,0.8883099073073453
2038,0.6853748516458463
2039,0.5824904545789048
2040,0.517299583088557
2041,0.45883345017453697
2042,0.3467665308584776
2043,0.44884958570727057
2044,0.3887054537277271
2045,0.312428725096322
2046,0.24382713986174198
2047,0.22844833375293142
2048,0.18125906162601338
2049,0.20358838945827568
2050,0.19823267643605946
2051,0.18465950379846074
2052,0.08010548876249791
2053,0.09357038830946347
2054,0.10215900512072618
2055,0.04546032691171691
2056,0.05250445845927752
2057,0.04999695172111532
2058,0.028259973369371152
2059,0.039128399439209816
2060,0.0480883908179614
2061,0.3173634702614086
2062,0.26944223837269843
2063,0.23961666306029808
2064,0.32852985247459393
2065,0.29243763521812266
2066,0.23126735803798848
2067,0.24573013185327078
2068,0.24841822457272633
2069,0.20494324053542298
2070,0.2158732982775478
2071,0.2207477269977784
2072,0.1845646308589295
2073,0.12184677214218005
2074,0.09378379925838479
2075,0.09016880338455202
2076,0.08364953163422514
2077,0.09407629501530439
2078,0.0865893548946119
2079,0.06798232602253758
2080,0.07008625413782528
2081,0.0870770717105179
2082,0.0672882642112635
2083,0.0681152207578675
2084,0.06391663598381753
2085,0.059401054535463654
2086,0.06025714130454218
2087,0.06976595181363422
2088,0.30559036610504375
2089,0.28576395597809157
2090,0.24840644250691837
2091,0.3437323260675177
2092,0.3178658316611251
2093,0.2781572420951385
2094,0.29077216212005574
2095,0.2536232105923866
2096,0.2178581698582223
2097,0.2156776604414082
2098,0.20760449252291774
2099,0.18606561322537274
2100,0.13722505921259345
2101,0.11444329153455944
2102,0.11568175366207005
2103,0.113064267753076
2104,0.10856659157790183
2105,0.10857515687559775
2106,0.13502967770006044
2107,0.1421087283329694
2108,0.17477148305563872
2109,0.12811387574426467
2110,0.11370843422559282
2111,0.10998507191701966
2112,0.0928622854984973
2113,0.09847695640445207
2114,0.1386889681609902
2115,0.7708023016205552
2116,0.7893528321511942
2117,0.763393495290431
2118,0.7340382044513233
2119,0.7674768211268636
2120,0.7102771767726951
2121,0.5897073651735487
2122,0.5552308567321996
2123,0.5166993026312813
2124,0.45744545758614713
2125,0.47381073568265275
2126,0.4423926295946611
2127,0.32493089372481493
2128,0.26835847902502197
2129,0.23406228289768802
2130,0.21619633396577911
2131,0.23226683104364507
2132,0.23511887572897755
2133,0.14051215161284647
2134,0.12210504624404718
2135,0.129359844359834
2136,0.1327011771020067
2137,0.1004700431780671
2138,0.0774191785989393
2139,0.10586069797959241
2140,0.07857431825832067
2141,0.07828977976005513
2142,0.717561951259828
2143,0.48774252414385705
2144,0.336094395323602
2145,0.7203045992041675
2146,0.4643075945398375
2147,0.30816847087774096
2148,0.6716543965027579
2149,0.44655461093458304
2150,0.3148538082674716
2151,0.4441420308423717
2152,0.34574650658296413
2153,0.24797967738228377
2154,0.1785829631021488
2155,0.14314264030411325
2156,0.13664788981898202
2157,0.27080954504506655
2158,0.18024249236776246
2159,0.1462088814476998
2160,0.12557523365078818
2161,0.12687374838079252
2162,0.15776048434271325
2163,0.0915967770524263
2164,0.0815950880321939
2165,0.07085373077155277
2166,0.05514788844303399
2167,0.05745559311494038
2168,0.09193254054765711
2169,0.6683849049687511
2170,0.6435619783357583
2171,0.5092831125250786
2172,0.7920799769836033
2173,0.7222546503999883
2174,0.5794068182937516
2175,0.44012169271522006
2176,0.37936049444166253
2177,0.307145500844336
2178,0.37084375303381145
2179,0.36172002498459954
2180,0.3129980644907479
2181,0.22278509855077278
2182,0.19911871882504648
2183,0.1424413347902921
2184,0.14185156038385544
2185,0.13943722470734177
2186,0.14166145888988702
2187,0.058550211757124354
2188,0.04953589507197776
2189,0.0567632705460345
2190,0.029200274621634346
2191,0.021961335560256274
2192,0.016727518792035878
2193,0.025383452266377074
2194,0.01770045381175211
2195,0.016763417201864552
2196,0.4082237978995064
2197,0.34625136549888363
2198,0.25127007643368715
2199,0.3051794744366885
2200,0.25549549035459646
2201,0.21907666965967537
2202,0.24392136407137513
2203,0.19223081536936287
2204,0.1507378130396837
2205,0.22996241301292616
2206,0.20039455752754218
2207,0.1596793978859467
2208,0.10477120313748096
2209,0.062400518242000255
2210,0.05506118395888099
2211,0.07206544383715667
2212,0.05862945079908057
2213,0.053935642283479
2214,0.10375633222332326
2215,0.10084685418536808
2216,0.10501718292498159
2217,0.07796113634962729
2218,0.07141734603840715
2219,0.061300728609009744
2220,0.06762272550647297
2221,0.05671919693722183
2222,0.06682619969335601
2223,0.6065609643717829
2224,0.5063946461252841
2225,0.3947515279925295
2226,0.5845078465722958
2227,0.49198707510030865
2228,0.3905109604338152
2229,0.4562386338047121
2230,0.3457695915660599
2231,0.2911829172965651
2232,0.3222266381702578
2233,0.2925185982121717
2234,0.2301381683317643
2235,0.16382143691945414
2236,0.1309736625952957
2237,0.12594874822619925
2238,0.17055653330475545
2239,0.150236380911612
2240,0.1296152775451722
2241,0.08359185297249713
2242,0.09588196257960517
2243,0.103144569984684
2244,0.0570155251891008
2245,0.0713611463204229
2246,0.06668716177734776
2247,0.04885361250564814
2248,0.05900889202995612
2249,0.07235193644825116
2250,0.5756359765734701
2251,0.49770190076216
2252,0.4383575796052554
2253,0.4632745704971047
2254,0.46941563695642397
2255,0.40636958075228824
2256,0.37806048336751713
2257,0.37030552318438414
2258,0.31253658924247096
2259,0.3165192960663854
2260,0.31656320619464534
2261,0.25729839150508726
2262,0.19121909992398683
2263,0.14309615604121928
2264,0.13756271185751123
2265,0.11376783326533524
2266,0.13378312406196058
2267,0.13050908705189695
2268,0.21491269581181016
2269,0.21115523824256033
2270,0.24012658079366736
2271,0.33548927527475336
2272,0.31962225869031563
2273,0.3038235947441145
2274,0.14660263912450566
2275,0.1469783356743499
2276,0.20403649465171134
2277,2.156340819407717
2278,1.6106101531963748
2279,1.355790167320809
2280,4.245922705994021
2281,2.9465300490505246
2282,2.27933361807493
2283,1.881660847235116
2284,1.384585661357626
2285,1.2341897320490718
2286,0.9356582538323678
2287,0.8458307073955341
2288,0.7063361650981919
2289,0.45289648045322756
2290,0.7486946914329334
2291,0.4129894675372752
2292,0.3658580390808408
2293,0.3555441010372845
2294,0.3561554740636159
2295,0.19003217553244878
2296,0.18194155509711618
2297,0.16412043524875386
2298,0.17378713100681217
2299,0.16968961970354018
2300,0.14602620762901788
2301,0.1442889334458996
2302,0.14718192147972256
2303,0.15110830247982723
2304,1.2962495979196702
2305,1.0779774404521378
2306,0.6483374499518695
2307,1.3179560479843266
2308,1.0537017179796837
2309,0.7144996483024844
2310,1.1656892854230454
2311,0.9148519643739237
2312,0.5637751647333176
2313,0.6867053486010938
2314,0.6170762891370292
2315,0.35819263095520903
2316,0.25024807182940895
2317,0.2319567211536676
2318,0.23166818326944394
2319,0.33446116849067264
2320,0.3169625556801832
2321,0.24447941495596215
2322,0.13222531320799266
2323,0.13910931221392
2324,0.14074416642876963
2325,0.11123671993153107
2326,0.12545965044921906
2327,0.10486422949886301
2328,0.09890063084963828
2329,0.10639237804520352
2330,0.10202882075759678
2331,0.9826886445787022
2332,0.8968831979115981
2333,0.6524029354850202
2334,0.8971589198534256
2335,0.8464158528151948
2336,0.6056872245005828
2337,0.6366515086232847
2338,0.5213298521423789
2339,0.3511194737695205
2340,0.4506003109334571
2341,0.43925233048721213
2342,0.3469700409114171
2343,0.25544918218266705
2344,0.18928480938657663
2345,0.17952946729987468
2346,0.2387056108217875
2347,0.25032915349741225
2348,0.1785679157417016
2349,0.2135998408295839
2350,0.21347155799534112
2351,0.20928132352142403
2352,0.19414851111791703
2353,0.1909728564392087
2354,0.16225521348028288
2355,0.16806644242393864
2356,0.16238396037326894
2357,0.171652196993018
2358,3.0523389072825213
2359,1.4132485349372859
2360,1.1047530117190465
2361,2.4520145671001234
2362,1.3162753216564378
2363,1.0642828651315455
2364,1.8683721085307177
2365,1.0794564664656099
2366,0.9009305662726274
2367,1.0058565527807013
2368,0.7579344344362021
2369,0.6170530812351429
2370,0.41926489343400747
2371,0.3067921004433365
2372,0.2965014576983292
2373,0.4444544832965965
2374,0.33639912710531045
2375,0.3022122204470601
2376,0.16259802273467855
2377,0.1639911459513236
2378,0.15880308679058014
2379,0.12079274799172027
2380,0.12067425049249601
2381,0.1067668452895196
2382,0.09719810945676215
2383,0.111307576233147
2384,0.130655525529954
2385,0.9866135908374813
2386,0.7392348323206355
2387,0.5264656857707914
2388,0.9826655541901804
2389,0.7879754220196035
2390,0.557876834767908
2391,0.7699963397802487
2392,0.6233424071276149
2393,0.4797898258509829
2394,0.5426909182259222
2395,0.4622885096262685
2396,0.3066018992579436
2397,0.2281171170447962
2398,0.19640813767993867
2399,0.19915160566628848
2400,0.2614073069498579
2401,0.2331989269237662
2402,0.20357643356824515
2403,0.24906312492847282
2404,0.21723621275575
2405,0.17152375059625843
2406,0.21611129266970786
2407,0.20078281527679276
2408,0.14504336540084078
2409,0.1989760232131479
2410,0.1704139870793136
2411,0.14475826313809706
2412,2.022826215962458
2413,1.3934741219218412
2414,0.7869065364418039
2415,1.9242474671019094
2416,1.2782909530889939
2417,0.8032855962489486
2418,1.4594715405365364
2419,1.1051597742974697
2420,0.6584049228811788
2421,1.0644068045774924
2422,0.8452410546012542
2423,0.46841223298819584
2424,0.32563292897427654
2425,0.2698629656499132
2426,0.2614942012809111
2427,0.47851730196963566
2428,0.3876489570739591
2429,0.27020904285316355
2430,0.17779460457279284
2431,0.18988801876108227
2432,0.23260840868305105
2433,0.178673385192277
2434,0.17447140959437368
2435,0.17022201259277572
2436,0.12391998487790126
2437,0.13247810363045429
2438,0.1846628330383242
2439,1.3483847940919784
2440,1.2919652082590496
2441,1.102532780664819
2442,1.4530322580946422
2443,1.3650251643344564
2444,1.2600873540007889
2445,1.2194030928976645
2446,1.2133585302891208
2447,1.0347626643784051
2448,0.8160285669312319
2449,0.8223544475973518
2450,0.6975508402267414
2451,0.5340503224218806
2452,0.43073344348188997
2453,0.33380937933207827
2454,0.3436163608534013
2455,0.3640410891698198
2456,0.32857130696566766
2457,0.23083837119412687
2458,0.24673155365700614
2459,0.286978487641288
2460,0.2612582471406433
2461,0.26061197943321035
2462,0.2525084630590025
2463,0.15733111813461728
2464,0.17365953977510715
2465,0.2240002549124251
2466,2.068784262558691
2467,1.904367210395774
2468,1.5455215317839506
2469,2.582272209496568
2470,2.309147753361495
2471,1.9436455187128665
2472,1.4150675335551122
2473,1.3720207513998957
2474,1.1724350011159212
2475,0.8412171930397209
2476,0.8765419071607976
2477,0.8161812948554079
2478,0.5300368706365662
2479,0.5555230185308646
2480,0.4319715207080138
2481,0.42090694014857194
2482,0.4234713483909603
2483,0.4286073242696694
2484,0.06803130481180615
2485,0.07046103063217383
2486,0.0768102974805652
2487,0.04447121147275025
2488,0.04001959460431603
2489,0.03591267726984767
2490,0.02240043333224602
2491,0.019644685375517296
2492,0.020828842995660856
2493,0.31275460945776706
2494,0.27327071596722
2495,0.2392034608316445
2496,0.3467863510898793
2497,0.3015860942258801
2498,0.23382758851546012
2499,0.21157084801997456
2500,0.17304691641875877
2501,0.1318102121866751
2502,0.1816683331575051
2503,0.17293987403254932
2504,0.14091978014941497
2505,0.10327885077507994
2506,0.08092845315081472
2507,0.05857184982594194
2508,0.06888147311571677
2509,0.06511970016811025
2510,0.05845710281986977
2511,0.12738942665934835
2512,0.10927044444558352
2513,0.10583378559894925
2514,0.08152598573244088
2515,0.05604550923582005
2516,0.04271788960202223
2517,0.056330166260548264
2518,0.040880035322152945
2519,0.04408975543366532
2520,0.6381030710575822
2521,0.443782451237668
2522,0.32082725569174403
2523,0.5738972364099476
2524,0.4142138280594101
2525,0.26802535286395407
2526,0.39590908726625407
2527,0.33576297249891435
2528,0.23246312871651378
2529,0.3890020233472113
2530,0.3098898200082798
2531,0.22235962675204277
2532,0.15442234404681884
2533,0.10303699343039556
2534,0.09033092887367866
2535,0.1422467737059672
2536,0.11906118773655318
2537,0.08965677298411093
2538,0.07944230943756617
2539,0.08600849089271856
2540,0.11564230714582888
2541,0.07952582779826933
2542,0.06324300757528029
2543,0.06465507375453065
2544,0.03125994548205307
2545,0.03574413425473788
2546,0.05295643609944918
2547,0.6169624657250292
2548,0.6161768817834038
2549,0.6008979839846278
2550,0.6954682520647043
2551,0.7014798136876662
2552,0.6332098984027298
2553,0.4934106816485961
2554,0.40482896742226787
2555,0.3494865957492961
2556,0.3127643354393943
2557,0.3240691961557348
2558,0.3140317512909427
2559,0.1795520780253577
2560,0.1790635997979587
2561,0.12705740760264866
2562,0.11439794705156962
2563,0.11994678482192991
2564,0.12826328139384283
2565,0.3815245589650129
2566,0.22736891176921206
2567,0.20218960228362232
2568,0.32081468764926546
2569,0.1795131167869546
2570,0.12501675559344314
2571,0.19832342077085718
2572,0.14049238345050455
2573,0.13909123757600667
2574,3.098141977433129
2575,1.2617280932192512
2576,0.8196422769624642
2577,2.698601507783336
2578,1.1885763470730126
2579,0.7864665072812886
2580,1.5232438900096934
2581,0.9704458220101877
2582,0.6416056555867118
2583,1.7026931442925497
2584,0.7436597929047531
2585,0.5108387298128146
2586,0.35217460234760717
2587,0.23124819003366762
2588,0.21477156784798027
2589,0.45034142927728776
2590,0.29815411603849634
2591,0.21680193610784648
2592,0.05594367051242775
2593,0.06065791623117576
2594,0.07540797765358193
2595,0.03998478893715894
2596,0.0476150059776556
2597,0.052454269767725714
2598,0.03052696325807644
2599,0.035023527463129256
2600,0.050864812620060845
2601,0.3468819814971907
2602,0.30461961812130495
2603,0.26422306281504415
2604,0.32574793184543993
2605,0.2960893796562656
2606,0.2581312112011194
2607,0.247955632350049
2608,0.21929580663890225
2609,0.19302766434037946
2610,0.20019640538587222
2611,0.19148997610972088
2612,0.16283039680215805
2613,0.11739216490856008
2614,0.10466002046723902
2615,0.0956278701128951
2616,0.08568956734024373
2617,0.0893635639565389
2618,0.09402775324849637
2619,0.11080273762038709
2620,0.11546990866043581
2621,0.11630342730670598
2622,0.09327043977456499
2623,0.09666084903631449
2624,0.08642572797749355
2625,0.06763750151373117
2626,0.07060373273277264
2627,0.07037310916747327
2628,0.5975929687849407
2629,0.4844214709745388
2630,0.3136948912934762
2631,0.6187278746359786
2632,0.5124634719772982
2633,0.34085440463411576
2634,0.5360319507012109
2635,0.46180829435964693
2636,0.291328857095276
2637,0.3427703787223249
2638,0.33221454385908505
2639,0.22968951675194696
2640,0.16044512703490735
2641,0.13765135641617593
2642,0.12643999160736039
2643,0.17957888390272944
2644,0.17158641016445397
2645,0.13599069216027287
2646,0.09044083002518817
2647,0.06291056865817275
2648,0.06172786550219878
2649,0.06225775348039712
2650,0.03584155715451728
2651,0.02959963964514982
2652,0.05339693921988675
2653,0.034583687221320096
2654,0.03544381288095214
2655,0.46250423585102896
2656,0.2634138786174004
2657,0.19090786089240686
2658,0.40449164488183587
2659,0.2689578455775684
2660,0.20906654674030145
2661,0.3513200011273216
2662,0.25045555798355196
2663,0.1906730536000093
2664,0.289728421079474
2665,0.196245977917931
2666,0.13582823417625164
2667,0.08368775048540876
2668,0.07292472636573992
2669,0.07570505401110968
2670,0.14121484920839833
2671,0.08626154814527177
2672,0.07833075959923917
2673,0.08766581385019487
2674,0.08415358537929574
2675,0.08255589384274035
2676,0.08974132832864228
2677,0.07542700474152617
2678,0.06615412922929616
2679,0.04178351139035111
2680,0.04002895725803251
2681,0.035174180752468545
2682,0.5404595067250181
2683,0.4017241620704897
2684,0.2679158493707593
2685,0.8203570740678972
2686,0.5939847086087566
2687,0.3398430413394747
2688,0.5006928003880016
2689,0.3769851168661065
2690,0.19991333895798796
2691,0.26179319449398963
2692,0.19766263282639548
2693,0.14477050403200759
2694,0.09071565834488317
2695,0.1228794557282288
2696,0.07893488285090663
2697,0.12966793542494529
2698,0.1149555474156553
2699,0.08849881412176093
2700,0.10047874566630681
2701,0.08413099015957834
2702,0.09426360024169217
2703,0.08246866985398249
2704,0.06394548211109896
2705,0.05931211763718211
2706,0.07501179995238041
2707,0.05567558842243735
2708,0.05918841818605134
2709,0.41220676028802355
2710,0.2874508137044761
2711,0.23890904078847489
2712,0.38994174336002974
2713,0.2742116359859896
2714,0.2333371605259892
2715,0.39469672856154653
2716,0.2774166285810345
2717,0.23344666824889035
2718,0.3038618909305806
2719,0.22666042678091433
2720,0.1724885376621011
2721,0.113415991554628
2722,0.08172916137765793
2723,0.09095006858354586
2724,0.15942174724842428
2725,0.10786041774356145
2726,0.09494337044093662
2727,0.06554265313036874
2728,0.06526202852020867
2729,0.06775460082545075
2730,0.055608143100977434
2731,0.050004693055392
2732,0.04088042474599751
2733,0.04629015925517073
2734,0.037708138198264615
2735,0.045083835256485745
2736,0.3552651653333243
2737,0.2525537717524862
2738,0.19222969354324262
2739,0.35721826589145944
2740,0.2739896640320823
2741,0.2191217306702247
2742,0.3154562942084795
2743,0.2450542739284803
2744,0.18563736537187261
2745,0.22621381186155973
2746,0.20369643687641015
2747,0.14852420002284164
2748,0.08894910843770723
2749,0.07837170875884596
2750,0.07474090999277372
2751,0.10807555277901873
2752,0.09200942962835429
2753,0.07720007865973942
2754,0.21390451751250483
2755,0.34896960505896685
2756,0.3656729507774079
2757,0.1294774143858638
2758,0.18820368695499495
2759,0.197437109705324
2760,0.07474526843658874
2761,0.07418028500573523
2762,0.09654731675259064
2763,1.5119823798188834
2764,1.2163127357751249
2765,1.1011648209212515
2766,1.148326132651993
2767,1.00488329901659
2768,0.904075081787614
2769,0.677794606781543
2770,0.4773354090768134
2771,0.42043002677231395
2772,0.7252787273055334
2773,0.6632555281505377
2774,0.6367983420238633
2775,0.6108804605070299
2776,0.4568846841067834
2777,0.2173733339565543
2778,0.23139337340734706
2779,0.22189406229993333
2780,0.22233708720679277
2781,0.156223535523618
2782,0.15084597167255082
2783,0.16365670112069136
2784,0.13453611566728826
2785,0.12494769217063745
2786,0.10766231789448201
2787,0.10726276233584178
2788,0.092016027083251
2789,0.10333850169675753
2790,0.8047059869394902
2791,0.6639649229809637
2792,0.5810506898325204
2793,0.7683845927380549
2794,0.6422939589374193
2795,0.5386798261704124
2796,0.6747608654418864
2797,0.5362755687775698
2798,0.4242603895931344
2799,0.4796072580838259
2800,0.43473443806502715
2801,0.35435021339985767
2802,0.2693226452713105
2803,0.2261384513612839
2804,0.20431748220290477
2805,0.2667142371157675
2806,0.22616186628472507
2807,0.20711353319674736
2808,0.07073215210216154
2809,0.06842447770969537
2810,0.07165799408728886
2811,0.04622235554608963
2812,0.04139950903654285
2813,0.03703260856968474
2814,0.03669363379263852
2815,0.03332746379387878
2816,0.039593341647985135
2817,0.39799898000871153
2818,0.3037050897223932
2819,0.2223650983904547
2820,0.33220284834674646
2821,0.29259237224439816
2822,0.21375383913728602
2823,0.24963261921919663
2824,0.20833303080607707
2825,0.15960530090833464
2826,0.24002430328150487
2827,0.20238565217376095
2828,0.1401620383548209
2829,0.09442728336079519
2830,0.07260264167354594
2831,0.06446832088178915
2832,0.08949079481151599
2833,0.0773832855305398
2834,0.0651695311338458
2835,0.1038627532420857
2836,0.11024585126158708
2837,0.13932425421166797
2838,0.07439911362160899
2839,0.07345526980208705
2840,0.06709782988042545
2841,0.06513087881275864
2842,0.06850420687429956
2843,0.09708029573483588
2844,0.4068711023804771
2845,0.3977068882959179
2846,0.35630879843527474
2847,0.35449354867974514
2848,0.3432790029065734
2849,0.3045498735751818
2850,0.32885391834594346
2851,0.3331336457380508
2852,0.27802865892051964
2853,0.25382987270723784
2854,0.2611670070630076
2855,0.23105158390402708
2856,0.18103064090552637
2857,0.1325555317753649
2858,0.14107793745165445
2859,0.14723149390236678
2860,0.15100221599085012
2861,0.15177066862738464
2862,0.08943066182216111
2863,0.0860085811809813
2864,0.08286392143377157
2865,0.05964226179947803
2866,0.04716990665245161
2867,0.038817649085288994
2868,0.03948412548469771
2869,0.02825299694515634
2870,0.029251894409473428
2871,0.9930527531513609
2872,0.474745315870895
2873,0.2711599507349028
2874,0.7683350621107435
2875,0.4102362563778905
2876,0.2861846496621744
2877,0.4276310494189673
2878,0.26018159222417636
2879,0.16160539629432205
2880,0.36679997122873176
2881,0.26688979633971355
2882,0.17759630162877685
2883,0.10851674022545292
2884,0.07651538340502058
2885,0.054697890739720506
2886,0.10501053434633174
2887,0.07960055715692187
2888,0.055577097204511615
2889,0.053727394177388095
2890,0.051342856337277205
2891,0.060226614234249694
2892,0.0354036751696892
2893,0.029954608424931646
2894,0.03038836890124446
2895,0.03595857290759666
2896,0.029439336108802287
2897,0.0353680172199173
2898,0.26832489490790573
2899,0.22771072365443648
2900,0.2053633249314313
2901,0.2543792657757712
2902,0.23029075148791098
2903,0.21021990409624697
2904,0.22237427431326287
2905,0.1846879718572475
2906,0.16220854947720278
2907,0.18088312695895212
2908,0.1585318656927691
2909,0.13939890143421857
2910,0.09750603780348648
2911,0.08284198831046952
2912,0.0850493255696133
2913,0.09225233470244876
2914,0.08116489279541036
2915,0.0847141829388737
2916,0.08284539685212373
2917,0.07668454542442474
2918,0.08091840731545813
2919,0.03758500854650192
2920,0.031562215751720905
2921,0.025302970386780716
2922,0.025063501537889568
2923,0.019973748700904678
2924,0.02864579057555871
2925,0.36435828326139874
2926,0.29371643445583856
2927,0.2439247131822932
2928,0.2859514191548137
2929,0.24738616383388926
2930,0.20335544482513965
2931,0.21120287498771734
2932,0.18359999002209432
2933,0.1482052097386067
2934,0.2232815869320084
2935,0.20313119310580008
2936,0.1560076270571221
2937,0.11031070831024371
2938,0.07057794471248546
2939,0.0627081606521141
2940,0.07579100054272267
2941,0.07311585469786967
2942,0.06535517872397757
2943,0.22713009137245285
2944,0.24939361858999295
2945,0.27314803973095775
2946,0.22640598399735848
2947,0.24655792901382687
2948,0.24121996710291713
2949,0.11329134367648917
2950,0.1305751979381031
2951,0.16449961907364294
2952,1.0782394633008472
2953,0.9688949515888794
2954,0.8846022836444576
2955,2.1097435500662187
2956,1.735050658534592
2957,1.5021567322586005
2958,0.9697474569632322
2959,0.8230707174882663
2960,0.7497369125442037
2961,0.7285493478968158
2962,0.7107774981977982
2963,0.6573884116107156
2964,0.44462709282199375
2965,0.6824369729593365
2966,0.2598546799147523
2967,0.24636283925260036
2968,0.26611539057425704
2969,0.26787338525885135
2970,0.22259200043396635
2971,0.22652564228808494
2972,0.20325513327318695
2973,0.19242518979221576
2974,0.19100909110129946
2975,0.13418778821697874
2976,0.1512631246098755
2977,0.17333831084023593
2978,0.16052192421092684
2979,1.6764831994950982
2980,1.0640131113083608
2981,0.6668924557171221
2982,1.655028159251239
2983,1.0434198293627106
2984,0.6898112798007728
2985,1.2690117291531289
2986,0.9146285655471813
2987,0.6478221040372621
2988,0.9565914481601916
2989,0.7819852376158952
2990,0.4579970039058471
2991,0.2928080984934605
2992,0.2421641870905804
2993,0.23298106699467866
2994,0.46165778139070335
2995,0.3765264460391401
2996,0.2376805020356226
2997,0.14216646184345144
2998,0.15002523687417949
2999,0.17402732762778045
3000,0.08579602659104164
3001,0.08027990520462822
3002,0.07774366712785406
3003,0.06742593561612134
3004,0.06551949935463443
3005,0.08221368600854202
3006,0.9474674376150631
3007,0.9986117551297852
3008,0.8596661364051686
3009,0.606556921955538
3010,0.5783055639694421
3011,0.5287795838533853
3012,0.49659602552613363
3013,0.44897017975388737
3014,0.418966099686829
3015,0.554319689642833
3016,0.5528137045271991
3017,0.4981221012414345
3018,0.4136674594822294
3019,0.19107459154615597
3020,0.1663491229904189
3021,0.16579368702984404
3022,0.1607245241481401
3023,0.16563419536510107
3024,0.17879490722709082
3025,0.19448085300269002
3026,0.18241756972945328
3027,0.16588243768377822
3028,0.18502270400403534
3029,0.148031285876788
3030,0.1503834377754937
3031,0.170122551687044
3032,0.17597459103040067
3033,1.0411100584065878
3034,1.0411280125282971
3035,0.8602282205346228
3036,1.0531013269777967
3037,1.0600290326220836
3038,0.9421424679432636
3039,1.02584955310606
3040,1.002970525423078
3041,0.7809630327012499
3042,0.6608542632360088
3043,0.6434102039468546
3044,0.5325788416132474
3045,0.3768655215496252
3046,0.307509209550249
3047,0.3124506367318534
3048,0.318128066648031
3049,0.32312808530515014
3050,0.30948849532503786
3051,0.16922358337913682
3052,0.12687281765953665
3053,0.1014890342590832
3054,0.1521617449150453
3055,0.12321666823157829
3056,0.0854662730266842
3057,0.14061853935440233
3058,0.11070869514457872
3059,0.08583606122654237
3060,1.1554946086490494
3061,0.7381811398745861
3062,0.3910002922348962
3063,1.176088864947904
3064,0.7919151509581498
3065,0.49324024157960394
3066,1.0952685075411241
3067,0.6755063478568797
3068,0.3923333150343573
3069,0.6617076474896182
3070,0.5078698909589932
3071,0.2596089674128179
3072,0.1561930913338978
3073,0.13407704367675163
3074,0.1407954650916706
3075,0.28971229205420046
3076,0.211102257866043
3077,0.14904507268132924
3078,0.13462557848580003
3079,0.13159013253757249
3080,0.14038996761176248
3081,0.10905443656376697
3082,0.09285935559800573
3083,0.07630745196680849
3084,0.07658850195220142
3085,0.07610831120736024
3086,0.07792453229551007
3087,0.8151123194635556
3088,0.4616790948541757
3089,0.3178813476899989
3090,0.9328535868698375
3091,0.4769151294190044
3092,0.2872438903245349
3093,0.6271316054894531
3094,0.4022018658173715
3095,0.2340610750861978
3096,0.42215579271881376
3097,0.3354282642271065
3098,0.2373148078923574
3099,0.17271030820932742
3100,0.11701439302867046
3101,0.11445247435509587
3102,0.1796708358781925
3103,0.1568860077143602
3104,0.12078387678125682
3105,0.20716099699237706
3106,0.21598514376673486
3107,0.24915727283728728
3108,0.21051538763669275
3109,0.19209593269503547
3110,0.18596582529811628
3111,0.16471123388327752
3112,0.16322766120842794
3113,0.21046181666620253
3114,1.3161567569233183
3115,1.2529406370389
3116,1.1560153215134528
3117,1.2729814670557364
3118,1.2087343932011165
3119,1.0108645069089233
3120,0.8980399042049524
3121,0.7767106225598978
3122,0.6999192598769705
3123,0.6317054828892243
3124,0.6161172479634484
3125,0.5609441627776647
3126,0.44933791892532804
3127,0.38246745995287385
3128,0.3695132967852516
3129,0.38121857832106026
3130,0.37555344898618515
3131,0.3721232315206727
3132,0.08609128649396539
3133,0.09404211740897558
3134,0.10239173732848066
3135,0.06973814122718174
3136,0.06510217644684212
3137,0.057727648349683025
3138,0.03364385616916654
3139,0.036712295302415925
3140,0.05043712760898756
3141,0.34498901408846894
3142,0.3070815896619474
3143,0.22098209683596468
3144,0.5913414144663078
3145,0.4653891534343584
3146,0.33901985896004017
3147,0.34362725315899334
3148,0.2851604922436184
3149,0.20544016139754157
3150,0.19081212663242678
3151,0.19046773570297632
3152,0.14397941694396152
3153,0.09890331872332095
3154,0.12528222044513357
3155,0.07870566907527651
3156,0.11035306371816422
3157,0.10615105698928279
3158,0.08013434827370927
3159,0.1250438495952956
3160,0.12859088954868284
3161,0.14766676126052913
3162,0.13555239332861863
3163,0.12337855241588395
3164,0.12080085924489369
3165,0.09017907749095515
3166,0.09264925839317101
3167,0.12036443784813503
3168,0.795145339142615
3169,0.7702988938823
3170,0.6946577990545686
3171,1.1166950595022065
3172,1.021787307002861
3173,0.9216681155424267
3174,0.7116554881185745
3175,0.6671865532707996
3176,0.4808496315040978
3177,0.3536660272646817
3178,0.34737402092789715
3179,0.3421376660093796
3180,0.2775301824934022
3181,0.3545603126319557
3182,0.27864689780810586
3183,0.2828352454837039
3184,0.28700992498457817
3185,0.2733679289994518
3186,0.1304080990491907
3187,0.11653951558387568
3188,0.12666577880070354
3189,0.09390759350484938
3190,0.06364836030650019
3191,0.05695818123812849
3192,0.06279762437651577
3193,0.04565122439535775
3194,0.04810862613137616
3195,0.6676780455952394
3196,0.4864838537147134
3197,0.3530798110891255
3198,0.656101329710736
3199,0.4727040669321609
3200,0.3109799314666856
3201,0.41845830028498926
3202,0.29027299322508227
